2024-11-03 04:31:37, NEW_DATA
2024-11-03 04:38:04, NEW_DATA, "So secret"
2024-11-03 05:05:09, NEW_DATA, "So secret"
2024-11-03 06:04:26, NEW_DATA, "So secret"
2024-11-03 06:38:02, NEW_DATA, "So secret"
2024-11-03 06:46:33, NEW_DATA, "So secret"
2024-11-03 06:52:51, NEW_DATA, "So secret"
2024-11-03 07:03:38, NEW_DATA, "So secret"
2024-11-03 07:16:14, NEW_DATA, "So secret"
2024-11-03 07:25:36, NEW_DATA, "So secret"
2024-11-03 07:33:10, NEW_DATA, "So secret"
2024-11-03 07:42:27, NEW_DATA, "So secret"
2024-11-03 07:52:42, NEW_DATA, "So secret"
2024-11-03 08:04:31, NEW_DATA, "So secret"
2024-11-03 08:16:36, NEW_DATA, "So secret"
2024-11-03 08:27:51, NEW_DATA, "So secret"
2024-11-03 08:35:48, NEW_DATA, "So secret"
2024-11-03 08:43:15, NEW_DATA, "So secret"
2024-11-03 08:53:02, NEW_DATA, "So secret"
2024-11-03 09:04:50, NEW_DATA, "So secret"
2024-11-03 09:16:49, NEW_DATA, "So secret"
2024-11-03 09:26:35, NEW_DATA, "So secret"
2024-11-03 09:33:23, NEW_DATA, "So secret"
2024-11-03 09:42:20, NEW_DATA, "So secret"
2024-11-03 09:52:28, NEW_DATA, "So secret"
2024-11-03 10:04:09, NEW_DATA, "So secret"
2024-11-03 10:16:47, NEW_DATA, "So secret"
2024-11-03 10:28:31, NEW_DATA, "So secret"
2024-11-03 10:37:48, NEW_DATA, "So secret"
2024-11-03 10:44:23, NEW_DATA, "So secret"
2024-11-03 10:52:29, NEW_DATA, "So secret"
2024-11-03 11:04:10, NEW_DATA, "So secret"
2024-11-03 11:15:26, NEW_DATA, "So secret"
2024-11-03 11:23:56, NEW_DATA, "So secret"
2024-11-03 11:32:47, NEW_DATA, "So secret"
2024-11-03 11:42:27, NEW_DATA, "So secret"
2024-11-03 11:52:41, NEW_DATA, "So secret"
2024-11-03 12:05:41, NEW_DATA, "So secret"
2024-11-03 12:17:35, NEW_DATA, "So secret"
2024-11-03 12:32:47, NEW_DATA, "So secret"
2024-11-03 12:50:09, NEW_DATA, "So secret"
2024-11-03 13:00:43, NEW_DATA, "So secret"
2024-11-03 13:11:22, NEW_DATA, "So secret"
2024-11-03 13:27:15, NEW_DATA, "So secret"
2024-11-03 13:34:27, NEW_DATA, "So secret"
2024-11-03 13:42:23, NEW_DATA, "So secret"
2024-11-03 13:58:46, NEW_DATA, "So secret"
2024-11-03 14:12:31, NEW_DATA, "So secret"
2024-11-03 14:36:20, NEW_DATA, "So secret"
2024-11-03 15:06:46, NEW_DATA, "So secret"
2024-11-03 15:35:15, NEW_DATA, "So secret"
2024-11-03 16:07:36, NEW_DATA, "So secret"
2024-11-03 16:37:50, NEW_DATA, "So secret"
2024-11-03 17:06:39, NEW_DATA, "So secret"
2024-11-03 17:35:22, NEW_DATA, "So secret"
2024-11-03 18:08:39, NEW_DATA, "So secret"
2024-11-03 18:38:17, NEW_DATA, "So secret"
2024-11-03 19:06:30, NEW_DATA, "So secret"
2024-11-03 19:35:19, NEW_DATA, "So secret"
2024-11-03 20:07:04, NEW_DATA, "So secret"
2024-11-03 20:35:15, NEW_DATA, "So secret"
2024-11-03 21:06:40, NEW_DATA, "So secret"
2024-11-03 21:35:10, NEW_DATA, "So secret"
2024-11-03 22:06:44, NEW_DATA, "So secret"
2024-11-03 22:36:38, NEW_DATA, "So secret"
2024-11-03 23:08:08, NEW_DATA, "So secret"
2024-11-03 23:35:23, NEW_DATA, "So secret"
2024-11-04 00:31:36, NEW_DATA, "So secret"
2024-11-04 01:35:14, NEW_DATA, "So secret"
2024-11-04 02:31:38, NEW_DATA, "So secret"
2024-11-04 03:15:00, NEW_DATA, "So secret"
2024-11-04 03:22:56, Test Secret
2024-11-04 03:35:04, Test Secret
2024-11-04 03:45:50, Test Secret
2024-11-04 03:53:21, Test Secret
2024-11-04 04:01:47, Test Secret
2024-11-04 04:13:02, Test Secret
2024-11-04 04:26:55, Test Secret
2024-11-04 04:37:46, Test Secret
2024-11-04 04:46:29, Test Secret
2024-11-04 04:54:00, Test Secret
2024-11-04 05:02:56, Test Secret
2024-11-04 05:14:04, Test Secret
2024-11-04 05:26:46, Test Secret
2024-11-04 05:37:01, Test Secret
2024-11-04 05:44:43, Test Secret
2024-11-04 05:52:26, Test Secret
2024-11-04 06:00:01, Test Secret
2024-11-04 06:11:34, Test Secret
2024-11-04 06:26:00, Test Secret
2024-11-04 06:39:58, Test Secret
2024-11-04 06:49:24, Test Secret
2024-11-04 06:56:47, Test Secret
2024-11-04 07:07:30, Test Secret
2024-11-04 07:19:12, Test Secret
2024-11-04 07:29:12, Test Secret
2024-11-04 07:37:22, Test Secret
2024-11-04 07:45:06, Test Secret
2024-11-04 07:52:53, Test Secret
2024-11-04 08:00:48, Test Secret
2024-11-04 08:12:07, Test Secret
2024-11-04 08:26:05, Test Secret
2024-11-04 08:37:54, Test Secret
2024-11-04 08:47:07, Test Secret
2024-11-04 08:54:49, Test Secret
2024-11-04 09:04:29, Test Secret
2024-11-04 09:16:13, Test Secret
2024-11-04 09:28:38, Test Secret
2024-11-04 09:37:44, Test Secret
2024-11-04 09:45:13, Test Secret
2024-11-04 09:52:58, Test Secret
2024-11-04 10:00:52, Test Secret
2024-11-04 10:11:48, Test Secret
2024-11-04 10:25:11, Test Secret
2024-11-04 10:37:21, Test Secret
2024-11-04 10:46:02, Test Secret
2024-11-04 10:53:24, Test Secret
2024-11-04 11:01:34, Test Secret
2024-11-04 11:12:06, Test Secret
2024-11-04 11:23:13, Test Secret
2024-11-04 11:30:51, Test Secret
2024-11-04 11:39:32, Test Secret
2024-11-04 11:47:13, Test Secret
2024-11-04 11:55:08, Test Secret
2024-11-04 12:07:26, Test Secret
2024-11-04 12:21:28, Test Secret
2024-11-04 12:40:13, Test Secret
2024-11-04 12:56:28, Test Secret
2024-11-04 13:11:37, Test Secret
2024-11-04 13:26:07, Test Secret
2024-11-04 13:37:57, Test Secret
2024-11-04 13:45:57, Test Secret
2024-11-04 13:53:28, Test Secret
2024-11-04 14:01:32, Test Secret
2024-11-04 14:12:11, Test Secret
2024-11-04 14:24:52, Test Secret
2024-11-04 14:35:57, Test Secret
2024-11-04 14:44:30, Test Secret
2024-11-04 14:52:14, Test Secret
2024-11-04 14:59:55, Test Secret
2024-11-04 15:10:25, Test Secret
2024-11-04 15:23:26, Test Secret
2024-11-04 15:33:46, Test Secret
2024-11-04 15:42:40, Test Secret
2024-11-04 15:50:25, Test Secret
2024-11-04 15:58:04, Test Secret
2024-11-04 16:08:22, Test Secret
2024-11-04 16:21:20, Test Secret
2024-11-04 16:33:44, Test Secret
2024-11-04 16:43:57, Test Secret
2024-11-04 16:51:53, Test Secret
2024-11-04 16:59:28, Test Secret
2024-11-04 17:09:29, Test Secret
2024-11-04 17:21:16, Test Secret
2024-11-04 17:31:12, Test Secret
2024-11-04 17:39:28, Test Secret
2024-11-04 17:47:09, Test Secret
2024-11-04 17:54:53, Test Secret
2024-11-04 18:04:49, Test Secret
2024-11-04 18:17:01, Test Secret
2024-11-04 18:31:33, Test Secret
2024-11-04 18:41:51, Test Secret
2024-11-04 18:49:33, Test Secret
2024-11-04 18:56:59, Test Secret
2024-11-04 19:06:28, Test Secret
2024-11-04 19:18:10, Test Secret
2024-11-04 19:26:50, Test Secret
2024-11-04 19:34:51, Test Secret
2024-11-04 19:42:21, Test Secret
2024-11-04 19:49:48, Test Secret
2024-11-04 19:57:20, Test Secret
2024-11-04 20:07:57, Test Secret
2024-11-04 20:20:00, Test Secret
2024-11-04 20:29:49, Test Secret
2024-11-04 20:38:02, Test Secret
2024-11-04 20:45:43, Test Secret
2024-11-04 20:53:37, Test Secret
2024-11-04 21:02:11, Test Secret
2024-11-04 21:12:55, Test Secret
2024-11-04 21:23:38, Test Secret
